"dimNam","dimVal","sampleScore"
"num_team_year",0.997808292704746,0.884555172876504
"num_commits_year",0.999821085118755,0.884555172876504
"forks",0.999597441517198,0.884555172876504
"watchers",0.999821085118755,0.884555172876504
"language",0.996958447018831,0.884555172876504
"project_age",1,0.884555172876504
