"dimNam","dimVal","sampleScore"
"num_team_year",0.997808292704746,0.962740975980677
"num_commits_year",0.999821085118755,0.962740975980677
"forks",0.999597441517198,0.962740975980677
"watchers",0.999821085118755,0.962740975980677
"language",0.999463255356264,0.962740975980677
"project_age",1,0.962740975980677
